pdb_id,tcr_alpha_chain,tcr_beta_chain,mhc_alpha_chain,mhc_beta_chain,peptide_chain
5c0c,I,J,A,B,C
5c07,D,E,A,B,C
4mxq,C,D,A,,B
6g9q,G,H,A,B,P
4jfd,D,E,A,B,C
2bnr,D,E,A,B,C
4n5e,C,D,A,,B
3d39,D,E,A,B,C
5hyj,D,E,A,B,C
4mvb,C,D,A,,B
1bd2,D,E,A,B,C
4jfe,D,E,A,B,C
2esv,D,E,A,B,P
3kps,D,E,A,B,C
5wlg,D,E,A,B,C
1mwa,A,B,H,L,P
1mi5,D,E,A,B,C
5c0a,D,E,A,B,C
3hg1,D,E,A,B,C
4mji,D,E,A,B,C
2gj6,D,E,A,B,C
5hho,D,E,A,B,C
5men,D,E,A,B,C
3o4l,D,E,A,B,C
4jrx,D,E,A,B,C
6avf,A,B,H,M,P
5m02,G,H,A,B,P
7n5p,D,E,A,B,C
3kpr,D,E,A,B,C
5e9d,D,E,A,B,C
5brz,D,E,A,B,C
7n5c,D,E,A,B,C
3pqy,D,E,A,B,C
4jry,D,E,A,B,C
5nqk,A,B,H,L,P
6dkp,D,E,A,B,C
2f54,D,E,A,B,C
1ao7,D,E,A,B,C
4mnq,D,E,A,B,C
5c08,D,E,A,B,C
2nx5,D,E,A,B,C
1lp9,E,F,A,B,C
4n0c,C,D,A,,B
1g6r,A,B,H,L,P
5eu6,D,E,A,B,C
2j8u,E,F,A,B,C
6r2l,D,E,A,B,C
3kxf,D,E,A,B,Q
6avg,C,D,G,H,P
2ak4,D,E,A,B,C
2bnq,D,E,A,B,C
1oga,D,E,A,B,C
4pri,D,E,A,B,C
5c09,D,E,A,B,C
5m01,G,H,A,B,P
4prp,D,E,A,B,C
5hhm,D,E,A,B,C
5c0b,D,E,A,B,C
5bs0,D,E,A,B,C
4prh,D,E,A,B,C
4jff,D,E,A,B,C
6d78,D,E,A,B,C
